ID;Name;Street;PostalCode;City;CountryCode
000001;Theresia Buchholm;Lerchenstr. 82;71116;Gaertringen;DE
000002;Johannes Buchholm;Muehltalstr. 14;68723;Schwetzingen;DE
000003;James Buchholm;Froschstr. 91;90419;Nuernberg;DE
000004;Thomas Buchholm;Hauptstr. 84;63263;Neu-Isenburg;DE
000005;Anna Buchholm;Hasnerstrasse 13;4020;Linz;AT
000006;Uli Buchholm;Caspar-David-Friedrich-Str. 97;75757;Elsenz;DE
000007;Jean-Luc Buchholm;Lake Shore Drive 92;22334;San Francisco;US
000008;August Buchholm;Lerchenstr. 23;64342;Seeheim-Jugenheim;DE
000009;Achim Buchholm;Stauboernchenstrasse 64;76137;Karlsruhe;DE
000010;Irmtraut Buchholm;Franz-Marc-Str. 31;69207;Kurt;DE
000011;Thilo Buchholm;Golden Gate Drive 10;17844;Washington;US
000012;Adam Buchholm;Via Giulio Cesare 55;00195;Roma;IT
000013;Christa Buchholm;Zwischergasse 28;64283;Darmstadt;DE
000014;Andreas Vrsic;Carl-Metz Strasse 19;69190;Walldorf;DE
000015;Adam Vrsic;Via Giulio Cesare 55;00195;Roma;IT
000016;Max Vrsic;Caspar-David-Friedrich-Str. 100;15344;Strausberg;DE
000017;Uli Vrsic;Golden Gate Drive 96;63728;New Orleans;US
000018;Max Vrsic;Rankestr. 100;15344;Strausberg;DE
000019;Uli Vrsic;Franz-Marc-Str. 97;75757;Elsenz;DE
000020;Uli Jeremias;Waldmann 97;75757;Elsenz;DE
000021;Johann Jeremias;Elzstrasse 16;68789;St. Leon-Rot;DE
000022;Marta Jeremias;Schillerstr. 73;69180;Wiesloch;DE
000023;Uli Jeremias;Schillerstr. 98;75757;Elsenz;DE
000024;Siegfried Jeremias;Karl-Marx-Allee 99;70111;Reutlingen;DE     e
000025;Uli Jeremias;Golden Gate Drive 96;63728;New Orleans;US
000026;Andrej Jeremias;Hasnerstrasse 11;4020;Linz;AT
000027;Jean Jeremias;Windstone Drive 49;76018;Arlington;US
000028;Ruth Jeremias;Akazienweg 80;71116;Gaertringen;DE
000029;Ruth Jeremias;Gartenstr. 81;71116;Gaertringen;DE
000030;Holm Jeremias;Raupelsweg 30;69207;Kurt;DE
000031;Johannes Jeremias;Froschstr. 15;68789;St. Leon-Rot;DE
000032;Simon Jeremias;Rankestr. 1;23496;Dielheim;DE
000033;Walter Jeremias;Im Warmet 43;68163;Mannheim-Lindenhof;DE
000034;Andrej Gutenberg;Hasnerstrasse 12;4020;Linz;AT
000035;Jean-Luc Gutenberg;Voodoo Avenue 92;22334;San Francisco;US     s
000036;Allen Gutenberg;Golden Gate Drive 64;07666;Teaneck;US
000037;Astrid Gutenberg;Franz-Marc-Str. 80;71116;Gaertringen;DE
000038;Peter Gutenberg;Stauboernchenstrasse 88;16233;Potsdam;DE
000039;Uli Gutenberg;Ausserhalb 96;75757;Elsenz;DE
000040;Cindy Gutenberg;rue Nieuport 51;06130;Grasse;FR
000041;Lee Gutenberg;Oak Street 66;07666;Teaneck;US
000042;Ruth Gutenberg;Akazienweg 80;71116;Gaertringen;DE
000043;Volker Gutenberg;Wilhelminentr. 4;86343;Koenigsbrunn;DE
000044;Kurt Gutenberg;Gruenlingweg 37;68753;Amelie;DE
000045;Friedrich Gutenberg;Ausserhalb 85;63263;Neu-Isenburg;DE     de
000046;Mathilde Gutenberg;Melissenstr. 22;64342;Seeheim-Jugenheim;DE     e
000047;Benjamin Gutenberg;Rue Balzac 94;75839;Paris;FR     r
000048;Florian Fischmann;Sagamore St. 69;17758;N. Massapequa;US
000049;Guillermo Fischmann;Lake Shore Drive 68;17758;N. Massapequa;US     us
000050;Matthias Fischmann;Meerfeldstr. 40;67105;Schifferstadt;DE     e
000051;Christine Fischmann;Pza. Pablo Ruiz Picasso 76;41006;Sevilla;ES     es
000052;Salvador Fischmann;Camelias 75;08014;Barcelona;ES     s
000053;Salvador Fischmann;Pza. Pablo Ruiz Picasso 75;08014;Barcelona;ES     s
000054;Chantal Columbo;rue Voltaire 48;B - 1030;Bruxelles;BE
000055;Matthias Columbo;Franz-Marc-Str. 40;67105;Schifferstadt;DE
000056;Walter Columbo;Im Warmet 43;68163;Mannheim-Lindenhof;DE
000057;Lee Columbo;Oak Street 66;07666;Teaneck;US
000058;Christoph Columbo;Erlengrund 18;69231;Rauenberg;DE
000059;Christoph Columbo;Arndtstrasse 18;69231;Rauenberg;DE
000060;Holm Columbo;Karl-Schwaner-Str. 31;69207;Kurt;DE
000061;Ulla Columbo;Camelias 71;28020;Madrid;ES
000062;Ruth Columbo;Erlengrund 80;71116;Gaertringen;DE
000063;Volker Columbo;Im Warmet 4;86343;Koenigsbrunn;DE
000064;Irmtraut Columbo;Karl-Marx-Allee 32;79104;Freiburg;DE
000065;Christa Columbo;Rankestr. 28;64283;Darmstadt;DE
000066;Peter Columbo;Goeckinghofstr. 88;16233;Potsdam;DE
000067;Jasmin Columbo;Zwischergasse 5;86343;Koenigsbrunn;DE
000068;Johann Columbo;Ausfallstr. 15;68789;St. Leon-Rot;DE
000069;Thilo Neubasler;Sagamore St. 10;17844;Washington;US
000070;Max Neubasler;Ausserhalb 100;15344;Strausberg;DE
000071;Theresia Neubasler;Sagamore St. 83;60657;Chicago;US     s
000072;Theresia Neubasler;Voodoo Avenue 83;60657;Chicago;US     s
000073;Florian Neubasler;Golden Gate Drive 70;09765;Boulder;US
000074;Anna Neubasler;Hasnerstrasse 13;4020;Linz;AT
000075;Irmtraut Neubasler;Karl-Marx-Allee 32;79104;Freiburg;DE     e
000076;Christine Neubasler;Caspar-David-Friedrich-Str. 77;75305;Neuenburg;DE     de
000077;Hendrik Neubasler;Sagamore St. 96;63728;New Orleans;US
000078;Jean Neubasler;Sagamore St. 50;76018;Arlington;US
000079;Volker Neubasler;Zwischergasse 4;86343;Koenigsbrunn;DE
000080;Lee Neubasler;Voodoo Avenue 67;17758;N. Massapequa;US
000081;Sophie Neubasler;Rue Balzac 44;78140;Vélizy;FR
000082;Anna Neubasler;Hasnerstrasse 13;4020;Linz;AT
000083;Horst Neubasler;Karl-Schwaner-Str. 39;68163;Mannheim;DE
000084;Mathilde Martin;Stiftsbogen 22;58332;Schwelm;DE
000085;Christine Martin;Elzstrasse 77;75305;Neuenburg;DE
000086;Jasmin Martin;Gruenlingweg 6;86343;Koenigsbrunn;DE
000087;Astrid Martin;N7, 80;71116;Gaertringen;DE
000088;Volker Martin;Zwischergasse 4;86343;Koenigsbrunn;DE
000089;Andreas Martin;Carl-Metz Strasse 19;69190;Walldorf;DE
000090;Amelie Martin;Caspar-David-Friedrich-Str. 41;68163;Mannheim-Lindenhof;DE
000091;Jean Detemple;Federal Avenue 49;76018;Arlington;US
000092;Claire Detemple;rue de Moillebeau 46;1211;Genève;CH
000093;Sophie Detemple;route de Pégomas 45;78140;Vélizy;FR
000094;Jean Detemple;Windstone Drive 49;76018;Arlington;US
000095;Allen Detemple;17th St. 65;07666;Teaneck;US
000096;Astrid Detemple;Alte Reichsstr. 80;71116;Gaertringen;DE
000097;Ulla Detemple;Pza. Pablo Ruiz Picasso 71;28020;Madrid;ES
000098;Jean-Luc Detemple;17th St. 93;22334;San Francisco;US
000099;Christine Detemple;Pza. Pablo Ruiz Picasso 76;41006;Sevilla;ES     s
000100;Ruth Detemple;Lerchenstr. 81;71116;Gaertringen;DE
000101;Christa Detemple;N7, 28;64283;Darmstadt;DE
000102;Ulla Barth;Camelias 71;28020;Madrid;ES
000103;Guillermo Barth;Lake Shore Drive 68;17758;N. Massapequa;US
000104;Simon Barth;Auf dem Huegel 1;23496;Dielheim;DE
000105;Lee Barth;Oak Street 66;07666;Teaneck;US
000106;Juan Barth;Camelias 72;28020;Madrid;ES
000107;Christoph Barth;Auf dem Huegel 17;66464;Homburg;DE
000108;Allen Barth;Lake Shore Drive 65;07666;Teaneck;US
000109;Anna Barth;Hasnerstrasse 12;4020;Linz;AT
000110;Claire Benz;rue de Moillebeau 46;1211;Genève;CH
000111;Cindy Benz;Lake Shore Drive 50;76018;Arlington;US
000112;Dominik Benz;Arndtstrasse 78;75305;Neuenburg;DE
000113;Uli Benz;Ausserhalb 96;75757;Elsenz;DE
000114;Lothar Benz;Arionweg 58;67663;Kaiserslautern;DE
000115;Laura Benz;Am Deich 35;79312;Emmendingen;DE
000116;Peter Hansmann;Gruenlingweg 88;16233;Potsdam;DE
000117;Annemarie Hansmann;Karl-Marx-Allee 59;66386;St. Ingbert;DE     e
000118;Ruth Hansmann;Lerchenstr. 81;71116;Gaertringen;DE
000119;August Hansmann;Ausfallstr. 23;69121;Heidelberg;DE
000120;Harish Hansmann;Im Warmet 2;23496;Dielheim;DE
000121;Salvador Hansmann;Camelias 76;41006;Sevilla;ES
000122;Theresia Hansmann;Voodoo Avenue 83;60657;Chicago;US
000123;Georg Hansmann;Max-Planck-Str. 26;63150;Heusenstamm;DE
000124;Theresia Hansmann;Voodoo Avenue 83;60657;Chicago;US
000125;Cindy Hansmann;rue Nieuport 51;06130;Grasse;FR
000126;Benjamin Hansmann;route de Pégomas 95;75839;Paris;FR
000127;Ulla Koslowski;Pza. Pablo Ruiz Picasso 70;28020;Madrid;ES
000128;Amelie Koslowski;Stiftsbogen 42;68163;Mannheim-Lindenhof;DE
000129;Anne-Marie Koslowski;Froschstr. 90;90419;Nuernberg;DE     .de
000130;Walter Koslowski;Im Warmet 43;68163;Mannheim-Lindenhof;DE
000131;Uli Koslowski;Ausserhalb 96;75757;Elsenz;DE
000132;Annemarie Koslowski;Schillerstr. 59;66386;St. Ingbert;DE     de
000133;Adam Koslowski;Via Giulio Cesare 55;00195;Roma;IT
000134;Johann Koslowski;Elzstrasse 16;68789;St. Leon-Rot;DE
000135;Johannes Wohl;Melissenstr. 14;68723;Schwetzingen;DE
000136;Christine Wohl;Carl-Metz Strasse 77;75305;Neuenburg;DE
000137;Johann Wohl;Emil-Heckel-Str. 15;68789;St. Leon-Rot;DE
000138;August Wohl;Hauptstr. 24;69121;Heidelberg;DE
000139;Georg Wohl;Stauboernchenstrasse 26;63150;Heusenstamm;DE
000140;Ruth Wohl;Dudweilerstr. 81;71116;Gaertringen;DE
000141;Friedrich Wohl;Meerfeldstr. 85;63263;Neu-Isenburg;DE
000142;Max Koller;Akazienweg 99;70111;Reutlingen;DE
000143;Georg Koller;Waldmann 26;63150;Heusenstamm;DE
000144;Ludwig Koller;Jacobistrasse 34;79104;Freiburg;DE
000145;Theresia Koller;Lerchenstr. 82;71116;Gaertringen;DE
000146;Holm Koller;Dudweilerstr. 30;69207;Kurt;DE
000147;Illya Koller;Akazienweg 25;63150;Heusenstamm;DE
000148;Simon Koller;Leichhof 2;23496;Dielheim;DE
000149;Benjamin Koller;rue Nieuport 93;75839;Paris;FR
000150;Mathilde Koller;Marktplatz 22;64342;Seeheim-Jugenheim;DE
000151;Kurt Koller;Mutterstadter Str. 35;79312;Emmendingen;DE
000152;James Koller;Auf dem Huegel 91;90419;Nuernberg;DE
000153;Stephen Hoffen;Gartenstr. 20;69190;Walldorf;DE
000154;Friedrich Hoffen;Ausserhalb 85;63263;Neu-Isenburg;DE
000155;Georg Hoffen;N7, 26;63150;Heusenstamm;DE
000156;Hendrik Hoffen;Voodoo Avenue 96;63728;New Orleans;US
000157;Roland Hoffen;Arndtstrasse 62;79761;Waldshut;DE
000158;Dominik Hoffen;Wilhelminentr. 78;75305;Neuenburg;DE
000159;Chantal Hoffen;rue Voltaire 48;B - 1030;Bruxelles;BE
000160;Max Hoffen;Akazienweg 99;70111;Reutlingen;DE
000161;Kurt Hoffen;Waldmann 36;79312;Emmendingen;DE
000162;Felix Hoffen;Schillerstr. 7;55128;Mainz;DE
000163;Thomas Hoffen;Lake Shore Drive 84;60657;Chicago;US
000164;Astrid Hoffen;Alte Reichsstr. 80;71116;Gaertringen;DE
000165;Annemarie Hoffen;Karl-Marx-Allee 59;66386;St. Ingbert;DE
000166;Ida Hoffen;Raupelsweg 60;66386;St. Ingbert;DE
000167;Adam Hoffen;Via Giulio Cesare 55;00195;Roma;IT
000168;Marta Dumbach;Albert-Schweitzer-Str. 74;69180;Wiesloch;DE
000169;Jean-Luc Dumbach;17th St. 92;22334;San Francisco;US
000170;Florian Dumbach;Golden Gate Drive 70;09765;Boulder;US
000171;Christa Dumbach;Caspar-David-Friedrich-Str. 29;69207;Kurt;DE
000172;Guillermo Dumbach;Lake Shore Drive 68;17758;N. Massapequa;US
000173;Christine Dumbach;Pza. Pablo Ruiz Picasso 76;41006;Sevilla;ES
000174;Matthias Dumbach;Franz-Marc-Str. 40;67105;Schifferstadt;DE
000175;Christine Dumbach;Pza. Pablo Ruiz Picasso 76;41006;Sevilla;ES
000176;Fabio Dumbach;Lerchenstr. 57;81375;Muenchen;DE
000177;Horst Dumbach;Heidelberger Str. 39;68163;Mannheim;DE
000178;Mathilde Dumbach;Max-Planck-Str. 21;58332;Schwelm;DE
000179;Lothar Dumbach;Arndtstrasse 57;67663;Kaiserslautern;DE
000180;Irene Dumbach;Wilhelminentr. 53;27299;Langwedel;DE
000181;Kristina Dumbach;Albert-Schweitzer-Str. 8;11111;Berlin;DE
000182;Matthias Dumbach;Meerfeldstr. 41;67105;Schifferstadt;DE
000183;Jasmin Goelke;N7, 6;55128;Mainz;DE
000184;Kurt Goelke;Waldmann 36;79312;Emmendingen;DE
000185;Irene Goelke;Albert-Schweitzer-Str. 54;27299;Langwedel;DE
000186;Annemarie Goelke;Marktplatz 60;66386;St. Ingbert;DE
000187;Dominik Goelke;Wilhelminentr. 78;75305;Neuenburg;DE
000188;Kurt Goelke;Arndtstrasse 36;79312;Emmendingen;DE
000189;Benjamin Goelke;Rue Balzac 94;75839;Paris;FR
000190;Uli Goelke;Franz-Marc-Str. 97;75757;Elsenz;DE
000191;Anna Goelke;Hasnerstrasse 13;4020;Linz;AT
000192;Johann Goelke;Albert-Schweitzer-Str. 16;68789;St. Leon-Rot;DE
000193;Lothar Goelke;Ausserhalb 57;67663;Kaiserslautern;DE
000194;Matthias Goelke;Heidelberger Str. 40;67105;Schifferstadt;DE
000195;Chantal Goelke;rue Voltaire 47;B - 1030;Bruxelles;BE
000196;Horst Goelke;Karl-Schwaner-Str. 39;67105;Schifferstadt;DE
000197;Simon Goelke;Carl-Metz Strasse 2;23496;Dielheim;DE
000198;Marta Waldmann;Stauboernchenstrasse 73;69180;Wiesloch;DE
000199;Laura Waldmann;Jacobistrasse 34;79312;Emmendingen;DE
000200;Horst Waldmann;Gruenlingweg 39;67105;Schifferstadt;DE
000201;Christoph Waldmann;Auf dem Huegel 17;66464;Homburg;DE     e
000202;Jean-Luc Waldmann;Lake Shore Drive 93;22334;San Francisco;US
000203;Astrid Waldmann;Alte Reichsstr. 80;71116;Gaertringen;DE
000204;Sophie Waldmann;rue Nieuport 44;78140;Vélizy;FR
000205;Irmtraut Waldmann;Rankestr. 32;79104;Freiburg;DE
000206;Anneliese Waldmann;N7, 87;23056;Buxtehude;DE     e
000207;Irene Waldmann;Zwischergasse 53;27299;Langwedel;DE
000208;Roland Waldmann;Hauptstr. 63;76137;Karlsruhe;DE
000209;Christoph Waldmann;Zwischergasse 17;66464;Homburg;DE     e
000210;Anna Waldmann;Hasnerstrasse 12;4020;Linz;AT
000211;Ida Waldmann;Ausserhalb 61;79761;Waldshut;DE
000212;Chantal Waldmann;rue Voltaire 48;B - 1030;Bruxelles;BE
000213;Gisela Mechler;Karl-Marx-Allee 27;64283;Darmstadt;DE
000214;Laura Mechler;Am Deich 35;79312;Emmendingen;DE
000215;Lee Mechler;Windstone Drive 66;07666;Teaneck;US
000216;Irene Mechler;Akazienweg 53;27299;Langwedel;DE
000217;Florian Mechler;Voodoo Avenue 69;09765;Boulder;US
000218;Juan Mechler;Piedad 72;28020;Madrid;ES
000219;Salvador Mechler;Pza. Pablo Ruiz Picasso 75;41006;Sevilla;ES
000220;Max Mechler;Akazienweg 99;70111;Reutlingen;DE
000221;Claire Mechler;route de Pégomas 46;78140;Vélizy;FR
000222;Juan Mechler;Dudweilerstr. 73;69180;Wiesloch;DE
000223;Kristina Mechler;Voodoo Avenue 9;17844;Washington;US
000224;James Mechler;Lake Shore Drive 92;22334;San Francisco;US
000225;August Mechler;Goeckinghofstr. 23;69121;Heidelberg;DE
000226;Cindy Mechler;rue Nieuport 51;06130;Grasse;FR
000227;Jean-Luc Mechler;Lake Shore Drive 92;22334;San Francisco;US
000228;Fabio Buehler;Alte Reichsstr. 56;81375;Muenchen;DE
000229;Johann Buehler;Mutterstadter Str. 16;68789;St. Leon-Rot;DE
000230;Cindy Buehler;rue Nieuport 51;06130;Grasse;FR
000231;Theresia Buehler;Golden Gate Drive 83;60657;Chicago;US
000232;Claire Buehler;rue de Moillebeau 47;1211;Genève;CH
000233;Adam Buehler;Friedensallee 54;69483;Wald-Michelbach;DE
000234;Adam Heller;Via Giulio Cesare 55;00195;Roma;IT
000235;Max Heller;Rankestr. 100;15344;Strausberg;DE
000236;Sophie Heller;Rue Balzac 45;78140;Vélizy;FR
000237;Kristina Heller;Friedensallee 8;11111;Berlin;DE
000238;Friedrich Heller;Ausserhalb 86;23056;Buxtehude;DE
000239;Sophie Heller;rue Nieuport 45;78140;Vélizy;FR
000240;Ida Heller;Heidelberger Str. 61;79761;Waldshut;DE
000241;Andrej Heller;Oak Street 11;17844;Washington;US
000242;Cindy Heller;Lake Shore Drive 50;76018;Arlington;US
000243;Uli Heller;Heidelberger Str. 97;75757;Elsenz;DE
000244;Siegfried Heller;Karl-Marx-Allee 98;70111;Reutlingen;DE
000245;Simon Heller;Stauboernchenstrasse 1;23496;Dielheim;DE
000246;Volker Simonen;Zwischergasse 4;86343;Koenigsbrunn;DE
000247;Dominik Simonen;Hauptstr. 78;75305;Neuenburg;DE
000248;Siegfried Simonen;Leichhof 98;70111;Reutlingen;DE
000249;Theresia Simonen;17th St. 82;60657;Chicago;US
000250;Guenther Simonen;Froschstr. 37;68753;Amelie;DE
000251;Anneliese Simonen;Froschstr. 87;16233;Potsdam;DE
000252;Guillermo Simonen;Lake Shore Drive 68;17758;N. Massapequa;US
000253;Kristina Simonen;Voodoo Avenue 9;17844;Washington;US
000254;Laura Simonen;Heidelberger Str. 35;79312;Emmendingen;DE
000255;Matthias Simonen;Melissenstr. 40;67105;Schifferstadt;DE
000256;Anneliese Simonen;Froschstr. 86;23056;Buxtehude;DE
000257;Georg Simonen;Gemeindestr. 26;63150;Heusenstamm;DE
000258;Jasmin Simonen;Wilhelminentr. 5;86343;Koenigsbrunn;DE
000259;Ruth Simonen;Gartenstr. 81;71116;Gaertringen;DE
000260;Lee Simonen;17th St. 67;17758;N. Massapequa;US
000261;Walter Henry;Gemeindestr. 44;68163;Mannheim-Lindenhof;DE
000262;Salvador Henry;Pza. Pablo Ruiz Picasso 75;41006;Sevilla;ES
000263;James Henry;Federal Avenue 92;22334;San Francisco;US
000264;Johannes Henry;Marktplatz 14;68723;Schwetzingen;DE
000265;Andreas Henry;Lerchenstr. 19;69190;Walldorf;DE
000266;Siegfried Henry;Gruenlingweg 99;70111;Reutlingen;DE
000267;Gisela Henry;Im Warmet 27;64283;Darmstadt;DE
000268;Thilo Henry;Federal Avenue 10;17844;Washington;US
000269;Johann Henry;Lerchenstr. 15;68789;St. Leon-Rot;DE
000270;Christa Henry;N7, 29;64283;Darmstadt;DE
000271;Johannes Henry;Muehltalstr. 14;68723;Schwetzingen;DE
000272;Ruth Henry;Albert-Schweitzer-Str. 81;71116;Gaertringen;DE
000273;Anneliese Henry;Froschstr. 87;16233;Potsdam;DE
000274;Kristina Henry;Friedensallee 8;11111;Berlin;DE
000275;Lothar Henry;N7, 58;66386;St. Ingbert;DE
000276;Achim Marshall;Zwischergasse 63;76137;Karlsruhe;DE
000277;Adam Marshall;Via Giulio Cesare 55;00195;Roma;IT
000278;Simon Marshall;Wilhelminentr. 1;23496;Dielheim;DE
000279;Johann Marshall;Lerchenstr. 15;68789;St. Leon-Rot;DE
000280;Guillermo Marshall;Lake Shore Drive 69;17758;N. Massapequa;US     s
000281;Friedrich Marshall;Erlengrund 86;23056;Buxtehude;DE     e
000282;Irene Marshall;Wilhelminentr. 54;69483;Wald-Michelbach;DE
000283;Roland Marshall;Caspar-David-Friedrich-Str. 63;76137;Karlsruhe;DE
000284;Sophie Marshall;Rue Balzac 44;78140;Vélizy;FR
000285;Kurt Marshall;Friedensallee 36;79312;Emmendingen;DE
000286;Stephen Marshall;Goeckinghofstr. 20;58332;Schwelm;DE
000287;Pierre Marshall;rue Nieuport 52;06130;Grasse;FR
000288;Johannes Marshall;Melissenstr. 14;68723;Schwetzingen;DE
000289;Matthias Marshall;Zwischergasse 41;67105;Schifferstadt;DE
000290;Horst Marshall;Karl-Schwaner-Str. 39;68163;Mannheim;DE
000291;Kristina Legrand;Albert-Schweitzer-Str. 8;11111;Berlin;DE
000292;Christine Legrand;Carl-Metz Strasse 77;75305;Neuenburg;DE
000293;Illya Legrand;Karl-Marx-Allee 24;63150;Heusenstamm;DE
000294;Volker Legrand;Wilhelminentr. 5;86343;Koenigsbrunn;DE
000295;Anna Legrand;Hasnerstrasse 13;4020;Linz;AT
000296;Georg Legrand;Waldmann 26;63150;Heusenstamm;DE
000297;Andreas Jacqmain;Arndtstrasse 19;69190;Walldorf;DE
000298;Cindy Jacqmain;rue Nieuport 51;06130;Grasse;FR
000299;Illya Jacqmain;Karl-Marx-Allee 24;63150;Heusenstamm;DE
000300;Theresia Jacqmain;Voodoo Avenue 83;60657;Chicago;US
000301;Amelie Jacqmain;Hauptstr. 42;68163;Mannheim-Lindenhof;DE
000302;Siegfried Jacqmain;Gruenlingweg 99;70111;Reutlingen;DE     e
000303;Jasmin Jacqmain;Arionweg 5;86343;Koenigsbrunn;DE
000304;Theresia Jacqmain;Sagamore St. 83;60657;Chicago;US
000305;James Jacqmain;Im Warmet 91;90419;Nuernberg;DE
000306;Holm Jacqmain;Karl-Schwaner-Str. 31;69207;Kurt;DE
000307;Hendrik D´Oultrement;Lake Shore Drive 95;63728;New Orleans;US     .us
000308;Jasmin D´Oultrement;Wilhelminentr. 5;86343;Koenigsbrunn;DE     de
000309;Jean D´Oultrement;Sagamore St. 50;76018;Arlington;US
000310;Georg D´Oultrement;N7, 25;63150;Heusenstamm;DE     e
000311;Jean D´Oultrement;Federal Avenue 49;76018;Arlington;US
000312;Adam D´Oultrement;Via Giulio Cesare 55;00195;Roma;IT
000313;Laura D´Oultrement;Heidelberger Str. 34;79312;Emmendingen;DE     e
000314;Anne-Marie D´Oultrement;Arionweg 89;90419;Nuernberg;DE     ple.de
000315;James D´Oultrement;Stiftsbogen 91;90419;Nuernberg;DE     e
000316;Laura D´Oultrement;Franz-Marc-Str. 35;79312;Emmendingen;DE     e
000317;Guenther D´Oultrement;Froschstr. 37;68163;Mannheim;DE     e.de
000318;Volker D´Oultrement;Zwischergasse 4;86343;Koenigsbrunn;DE     de
000319;Andrej D´Oultrement;Hasnerstrasse 12;4020;Linz;AT     at
000320;Christoph Hunter;Auf dem Huegel 17;66464;Homburg;DE
000321;Dominik Hunter;Lerchenstr. 79;41466;Neuss;DE
000322;Peter Hunter;Gruenlingweg 88;16233;Potsdam;DE
000323;Horst Hunter;Dudweilerstr. 39;67105;Schifferstadt;DE
000324;Mathilde Hunter;Stiftsbogen 22;58332;Schwelm;DE
000325;Illya Hunter;N7, 25;63150;Heusenstamm;DE
000326;Gisela Hunter;Caspar-David-Friedrich-Str. 28;64283;Darmstadt;DE
000327;Matthias Hunter;Meerfeldstr. 41;67105;Schifferstadt;DE
000328;Jean Hunter;Windstone Drive 50;76018;Arlington;US
000329;Thilo Hunter;Sagamore St. 10;17844;Washington;US
000330;August Hunter;Ausfallstr. 23;69121;Heidelberg;DE
000331;Johannes Hunter;Marktplatz 14;68723;Schwetzingen;DE
000332;Jean Hunter;Sagamore St. 50;76018;Arlington;US
000333;Hendrik Delon;rue Nieuport 95;75839;Paris;FR
000334;Hendrik Delon;Voodoo Avenue 96;63728;New Orleans;US
000335;Hendrik Delon;Golden Gate Drive 96;63728;New Orleans;US
000336;Allen Delon;Windstone Drive 66;07666;Teaneck;US
000337;Lothar Delon;Auf dem Huegel 58;66386;St. Ingbert;DE
000338;Christine Delon;Pza. Pablo Ruiz Picasso 76;41006;Sevilla;ES
000339;Felix Delon;Gartenstr. 6;55128;Mainz;DE
000340;Sophie Delon;rue Nieuport 44;78140;Vélizy;FR
000341;Illya Kreiss;Jacobistrasse 24;69121;Heidelberg;DE
000342;Fabio Kreiss;Froschstr. 56;81375;Muenchen;DE
000343;Kurt Kreiss;Waldmann 36;79312;Emmendingen;DE
000344;Jasmin Kreiss;Mutterstadter Str. 6;55128;Mainz;DE
000345;Theresia Kreiss;Voodoo Avenue 83;60657;Chicago;US
000346;Ludwig Kreiss;Max-Planck-Str. 33;79104;Freiburg;DE
000347;Harish Trensch;Emil-Heckel-Str. 2;23496;Dielheim;DE
000348;Matthias Trensch;Meerfeldstr. 41;67105;Schifferstadt;DE
000349;Volker Trensch;Meerfeldstr. 5;86343;Koenigsbrunn;DE
000350;James Trensch;Sagamore St. 91;22334;San Francisco;US
000351;Christoph Trensch;N7, 17;66464;Homburg;DE
000352;Ruth Cesari;Dudweilerstr. 81;71116;Gaertringen;DE
000353;Allen Cesari;Sagamore St. 65;07666;Teaneck;US
000354;Georg Cesari;Stauboernchenstrasse 26;63150;Heusenstamm;DE
000355;Marta Cesari;Albert-Schweitzer-Str. 74;69180;Wiesloch;DE
000356;Anna Cesari;Hasnerstrasse 13;4020;Linz;AT
000357;Allen Cesari;Windstone Drive 65;07666;Teaneck;US
000358;Cindy Cesari;Windstone Drive 50;76018;Arlington;US
000359;Claire Cesari;Rue Balzac 46;78140;Vélizy;FR
000360;Horst Cesari;Raupelsweg 38;68163;Mannheim;DE
000361;Adam Matthaeus;Via Giulio Cesare 55;00195;Roma;IT
000362;Juan Matthaeus;Hauptstr. 72;69180;Wiesloch;DE
000363;Holm Matthaeus;Ausserhalb 30;69207;Kurt;DE
000364;Christa Matthaeus;Akazienweg 29;69207;Kurt;DE
000365;Salvador Matthaeus;Pza. Pablo Ruiz Picasso 75;08014;Barcelona;ES     s
000366;Achim Matthaeus;Rankestr. 63;76137;Karlsruhe;DE
000367;Stephen Babilon;Muehltalstr. 19;69190;Walldorf;DE
000368;Theresia Babilon;Arndtstrasse 82;71116;Gaertringen;DE
000369;Florian Babilon;Golden Gate Drive 69;09765;Boulder;US
000370;Irmtraut Babilon;Mutterstadter Str. 32;79104;Freiburg;DE
000371;Andreas Babilon;Gemeindestr. 19;69190;Walldorf;DE
000372;Horst Babilon;Arndtstrasse 39;67105;Schifferstadt;DE
000373;Guenther Babilon;Franz-Marc-Str. 37;68163;Mannheim;DE
000374;Laura Babilon;Franz-Marc-Str. 35;79312;Emmendingen;DE
000375;Achim Babilon;Gartenstr. 63;76137;Karlsruhe;DE
000376;Theresia Babilon;Federal Avenue 82;60657;Chicago;US
000377;Dominik Babilon;Lerchenstr. 79;41466;Neuss;DE
000378;Guillermo Babilon;Sagamore St. 67;17758;N. Massapequa;US
000379;Kristina Babilon;Carl-Metz Strasse 9;11111;Berlin;DE
000380;Horst Babilon;Raupelsweg 38;68163;Mannheim;DE
000381;Benjamin Babilon;Rue Balzac 93;75839;Paris;FR
000382;Claire Zimmermann;rue de Moillebeau 46;1211;Genève;CH
000383;Dominik Zimmermann;Waldmann 78;75305;Neuenburg;DE     e
000384;Holm Zimmermann;Mutterstadter Str. 31;69207;Kurt;DE
000385;Jean Zimmermann;Windstone Drive 49;76018;Arlington;US
000386;James Zimmermann;Federal Avenue 92;22334;San Francisco;US
000387;Sophie Zimmermann;rue Nieuport 44;78140;Vélizy;FR
000388;Jean Zimmermann;Federal Avenue 49;76018;Arlington;US
000389;Sophie Zimmermann;Rue Balzac 45;78140;Vélizy;FR
000390;Christine Zimmermann;Pza. Pablo Ruiz Picasso 76;41006;Sevilla;ES     .es
000391;Irmtraut Zimmermann;Zwischergasse 31;69207;Kurt;DE     de
000392;Andrej Zimmermann;Hasnerstrasse 11;4020;Linz;AT
000393;Pierre Zimmermann;rue Nieuport 51;06130;Grasse;FR
000394;Matthias Kramer;Lerchenstr. 40;67105;Schifferstadt;DE
000395;Pierre Kramer;rue Nieuport 52;06130;Grasse;FR
000396;Peter Kramer;Stiftsbogen 88;16233;Potsdam;DE
000397;Theresia Kramer;17th St. 82;60657;Chicago;US
000398;Kurt Kramer;Froschstr. 37;68753;Amelie;DE
000399;Astrid Kramer;N7, 80;71116;Gaertringen;DE
000400;Jean-Luc Kramer;17th St. 92;22334;San Francisco;US
000401;Allen Kramer;Lake Shore Drive 65;07666;Teaneck;US
000402;Adam Kramer;Via Giulio Cesare 55;00195;Roma;IT
000403;Horst Kramer;Raupelsweg 38;68163;Mannheim;DE
000404;Johannes Kramer;Gruenlingweg 15;68723;Schwetzingen;DE
000405;Ruth Kramer;Meerfeldstr. 82;71116;Gaertringen;DE
000406;Stephen Kramer;Goeckinghofstr. 20;58332;Schwelm;DE
000407;Irene Illner;Muehltalstr. 54;27299;Langwedel;DE
000408;Hendrik Illner;Voodoo Avenue 95;63728;New Orleans;US
000409;Kurt Illner;Friedensallee 36;79312;Emmendingen;DE
000410;Max Illner;Gruenlingweg 100;70111;Reutlingen;DE
000411;Benjamin Illner;route de Pégomas 94;75839;Paris;FR
000412;Illya Illner;Karl-Marx-Allee 25;63150;Heusenstamm;DE
000413;Peter Illner;Emil-Heckel-Str. 88;16233;Potsdam;DE
000414;Harish Illner;Arionweg 2;23496;Dielheim;DE
000415;Adam Illner;Via Giulio Cesare 56;00195;Roma;IT
000416;Horst Illner;Gruenlingweg 39;67105;Schifferstadt;DE
000417;Roland Illner;Caspar-David-Friedrich-Str. 63;76137;Karlsruhe;DE
000418;Dominik Illner;Wilhelminentr. 78;75305;Neuenburg;DE
000419;Annemarie Illner;Leichhof 59;66386;St. Ingbert;DE
000420;Chantal Illner;rue Voltaire 48;B - 1030;Bruxelles;BE
000421;Mathilde Pratt;Max-Planck-Str. 21;58332;Schwelm;DE
000422;Adam Pratt;Marktplatz 55;69483;Wald-Michelbach;DE
000423;Holm Pratt;Waldmann 31;69207;Kurt;DE
000424;Harish Pratt;Im Warmet 2;23496;Dielheim;DE
000425;Chantal Pratt;rue Voltaire 48;B - 1030;Bruxelles;BE
000426;James Pratt;Stiftsbogen 91;90419;Nuernberg;DE
000427;August Pratt;Hauptstr. 24;69121;Heidelberg;DE
000428;Stephen Pratt;Albert-Schweitzer-Str. 20;69190;Walldorf;DE
000429;Friedrich Pratt;Elzstrasse 85;63263;Neu-Isenburg;DE
000430;Anne-Marie Pratt;Emil-Heckel-Str. 89;16233;Potsdam;DE
000431;Stephen Pratt;Ausserhalb 20;69190;Walldorf;DE
000432;Sophie Pratt;rue Nieuport 45;78140;Vélizy;FR
000433;August Pratt;Leichhof 23;69121;Heidelberg;DE
000434;Johann Pratt;Ausfallstr. 15;68789;St. Leon-Rot;DE
000435;Christoph Pratt;Max-Planck-Str. 18;66464;Homburg;DE
000436;Illya Gahl;Karl-Marx-Allee 24;63150;Heusenstamm;DE
000437;August Gahl;Goeckinghofstr. 23;69121;Heidelberg;DE
000438;Ruth Gahl;Gartenstr. 80;71116;Gaertringen;DE
000439;Sophie Gahl;rue Nieuport 44;78140;Vélizy;FR
000440;Chantal Gahl;rue Voltaire 48;B - 1030;Bruxelles;BE
000441;Irmtraut Gahl;Rankestr. 32;79104;Freiburg;DE
000442;Thilo Gahl;Federal Avenue 9;17844;Washington;US
000443;Jean-Luc Gahl;Lake Shore Drive 93;22334;San Francisco;US
000444;Allen Gahl;Lake Shore Drive 65;07666;Teaneck;US
000445;Walter Gahl;Gemeindestr. 44;68163;Mannheim-Lindenhof;DE
000446;Achim Benjamin;Emil-Heckel-Str. 64;76137;Karlsruhe;DE
000447;Andreas Benjamin;Arndtstrasse 19;69190;Walldorf;DE
000448;Annemarie Benjamin;Karl-Marx-Allee 59;66386;St. Ingbert;DE     e
000449;James Benjamin;Froschstr. 91;90419;Nuernberg;DE
000450;Marta Benjamin;Schillerstr. 73;69180;Wiesloch;DE
000451;Siegfried Benjamin;Karl-Marx-Allee 98;70111;Reutlingen;DE     e
000452;Kurt Benjamin;Wilhelminentr. 36;79312;Emmendingen;DE
000453;Sophie Benjamin;Rue Balzac 44;78140;Vélizy;FR
000454;Guillermo Benjamin;Lake Shore Drive 69;17758;N. Massapequa;US     s
000455;Andrej Benjamin;Hasnerstrasse 12;4020;Linz;AT
000456;Ulla Benjamin;Pza. Pablo Ruiz Picasso 71;28020;Madrid;ES
000457;Georg Benjamin;Stauboernchenstrasse 26;63150;Heusenstamm;DE
000458;Christoph Miguel;Auf dem Huegel 17;66464;Homburg;DE
000459;Amelie Miguel;Caspar-David-Friedrich-Str. 41;68163;Mannheim-Lindenhof;DE
000460;Johannes Miguel;Froschstr. 14;68723;Schwetzingen;DE
000461;Ida Miguel;Raupelsweg 60;66386;St. Ingbert;DE
000462;Claire Miguel;route de Pégomas 45;78140;Vélizy;FR
000463;Gisela Miguel;Karl-Marx-Allee 27;64283;Darmstadt;DE
000464;Volker Miguel;Ausfallstr. 5;86343;Koenigsbrunn;DE
000465;Ida Miguel;Heidelberger Str. 61;79761;Waldshut;DE
000466;Ruth Miguel;Erlengrund 80;71116;Gaertringen;DE
000467;Juan Miguel;Piedad 72;28020;Madrid;ES
000468;Christoph Miguel;Rankestr. 17;66464;Homburg;DE
000469;August Miguel;Max-Planck-Str. 23;69121;Heidelberg;DE
000470;Thomas Miguel;Lake Shore Drive 84;60657;Chicago;US
000471;Anna Weiss;Hasnerstrasse 12;4020;Linz;AT
000472;Ludwig Weiss;Marktplatz 33;79104;Freiburg;DE
000473;Holm Weiss;Ausserhalb 30;69207;Kurt;DE
000474;Lee Weiss;Oak Street 66;07666;Teaneck;US
000475;Irmtraut Weiss;Meerfeldstr. 32;79104;Freiburg;DE
000476;Amelie Sessler;Goeckinghofstr. 43;68163;Mannheim-Lindenhof;DE
000477;Walter Sessler;Zwischergasse 43;68163;Mannheim-Lindenhof;DE
000478;Dominik Sessler;Jacobistrasse 79;41466;Neuss;DE
000479;Pierre Sessler;rue Nieuport 51;06130;Grasse;FR
000480;Andrej Sessler;Hasnerstrasse 12;4020;Linz;AT
000481;Kristina Sessler;Federal Avenue 9;17844;Washington;US
000482;Max Sessler;Caspar-David-Friedrich-Str. 100;15344;Strausberg;DE
000483;Gisela Sessler;Karl-Marx-Allee 27;64283;Darmstadt;DE
000484;Andreas Montero;Lerchenstr. 19;69190;Walldorf;DE
000485;Ruth Montero;Albert-Schweitzer-Str. 81;71116;Gaertringen;DE
000486;Christine Montero;Carl-Metz Strasse 77;75305;Neuenburg;DE
000487;Volker Montero;Poklukarjeva 3;1000;Ljubljana;SI
000488;Gisela Montero;Ausfallstr. 27;64283;Darmstadt;DE
000489;Benjamin Montero;rue Nieuport 93;75839;Paris;FR
000490;Illya Montero;Akazienweg 25;63150;Heusenstamm;DE
000491;Marta Montero;Friedensallee 74;69180;Wiesloch;DE
000492;Thilo Montero;Oak Street 11;17844;Washington;US
000493;Jean Montero;Federal Avenue 49;76018;Arlington;US
000494;Laura Montero;Franz-Marc-Str. 35;79312;Emmendingen;DE
000495;Lothar Montero;Auf dem Huegel 58;66386;St. Ingbert;DE
000496;Christa Montero;Erlengrund 29;64283;Darmstadt;DE
000497;Illya Montero;Schillerstr. 24;69121;Heidelberg;DE
000498;Uli Domenech;Caspar-David-Friedrich-Str. 97;75757;Elsenz;DE
000499;Claire Domenech;rue de Moillebeau 46;1211;Genève;CH
000500;Mathilde Domenech;Elzstrasse 22;64342;Seeheim-Jugenheim;DE
000501;Uli Domenech;Waldmann 97;75757;Elsenz;DE
000502;Ida Domenech;Auf dem Huegel 61;79761;Waldshut;DE
000503;Adam Domenech;Via Giulio Cesare 55;00195;Roma;IT
000504;August Domenech;Arndtstrasse 23;69121;Heidelberg;DE
000505;Pierre Moyano;rue Nieuport 53;06130;Grasse;FR
000506;Stephen Moyano;Muehltalstr. 19;69190;Walldorf;DE
000507;August Moyano;Muehltalstr. 24;69121;Heidelberg;DE
000508;Matthias Moyano;Zwischergasse 41;67105;Schifferstadt;DE
000509;Jean Moyano;Federal Avenue 49;76018;Arlington;US
000510;Amelie Moyano;Jacobistrasse 42;68163;Mannheim-Lindenhof;DE
000511;Achim Moyano;Rankestr. 63;76137;Karlsruhe;DE
000512;Christoph Moyano;Max-Planck-Str. 18;66464;Homburg;DE
000513;Guillermo Moyano;Lake Shore Drive 68;17758;N. Massapequa;US
000514;Holm Moyano;Dudweilerstr. 30;69207;Kurt;DE
000515;Matthias Moyano;Heidelberger Str. 40;67105;Schifferstadt;DE
000516;Achim Moyano;Alte Reichsstr. 64;76137;Karlsruhe;DE
000517;Guenther Moyano;Franz-Marc-Str. 37;68163;Mannheim;DE
000518;Johann Moyano;Max-Planck-Str. 16;68789;St. Leon-Rot;DE
000519;Max Moyano;Akazienweg 99;70111;Reutlingen;DE
000520;Dominik Sommer;Arionweg 77;75305;Neuenburg;DE
000521;Volker Sommer;Wilhelminentr. 4;86343;Koenigsbrunn;DE
000522;Peter Sommer;Muehltalstr. 89;16233;Potsdam;DE
000523;Anne-Marie Sommer;Muehltalstr. 89;16233;Potsdam;DE
000524;Uli Sommer;Ausserhalb 96;75757;Elsenz;DE
000525;Jean-Luc Sommer;Lake Shore Drive 92;22334;San Francisco;US
000526;Harish Sommer;Im Warmet 2;23496;Dielheim;DE
000527;Astrid Sommer;Erlengrund 80;71116;Gaertringen;DE
000528;Annemarie Sommer;Am Deich 59;66386;St. Ingbert;DE
000529;Thilo Sommer;Golden Gate Drive 10;17844;Washington;US
000530;Christine Sommer;Gartenstr. 77;75305;Neuenburg;DE
000531;Gisela Sommer;Wilhelminentr. 27;63150;Heusenstamm;DE
000532;Ludwig Schneider;Muehltalstr. 33;79104;Freiburg;DE
000533;Laura Schneider;Carl-Metz Strasse 34;79312;Emmendingen;DE
000534;Anna Schneider;Hasnerstrasse 13;4020;Linz;AT
000535;Guillermo Schneider;Lake Shore Drive 68;17758;N. Massapequa;US     us
000536;Holm Schneider;Carl-Metz Strasse 30;69207;Kurt;DE
000537;Johannes Schneider;Muehltalstr. 14;68723;Schwetzingen;DE     e
000538;Friedrich Schneider;Leichhof 85;63263;Neu-Isenburg;DE     de
000539;Juan Schneider;Hauptstr. 73;69180;Wiesloch;DE
000540;August Schneider;Hauptstr. 24;69121;Heidelberg;DE
000541;Andrej Schneider;Hasnerstrasse 11;4020;Linz;AT
000542;Cindy Schneider;rue Nieuport 51;06130;Grasse;FR
000543;Lee Schneider;Windstone Drive 66;07666;Teaneck;US
000544;Simon Eichbaum;Auf dem Huegel 1;23496;Dielheim;DE
000545;Cindy Eichbaum;Windstone Drive 50;76018;Arlington;US
000546;Simon Eichbaum;Carl-Metz Strasse 2;23496;Dielheim;DE
000547;Dominik Eichbaum;Wilhelminentr. 78;75305;Neuenburg;DE
000548;Christa Eichbaum;Caspar-David-Friedrich-Str. 29;69207;Kurt;DE
000549;Juan Eichbaum;Camelias 72;28020;Madrid;ES
000550;Thilo Eichbaum;Golden Gate Drive 10;17844;Washington;US
000551;James Eichbaum;Im Warmet 91;90419;Nuernberg;DE
000552;Horst Eichbaum;Arndtstrasse 39;67105;Schifferstadt;DE
000553;Anne-Marie Gueldenpfennig;Froschstr. 90;90419;Nuernberg;DE     ample.de
000554;Kurt Gueldenpfennig;Arndtstrasse 36;79312;Emmendingen;DE     de
000555;Laura Gueldenpfennig;Froschstr. 34;79312;Emmendingen;DE     .de
000556;Juan Gueldenpfennig;Dudweilerstr. 72;69180;Wiesloch;DE     de
000557;Ulla Gueldenpfennig;Pza. Pablo Ruiz Picasso 70;28020;Madrid;ES     es
000558;Felix Gueldenpfennig;Leichhof 7;55128;Mainz;DE     .de
000559;Stephen Gueldenpfennig;Hauptstr. 20;58332;Schwelm;DE     le.de
000560;Pierre Gueldenpfennig;rue Nieuport 52;06130;Grasse;FR     e.fr
000561;Volker Gueldenpfennig;Ausserhalb 4;86343;Koenigsbrunn;DE     e.de
000562;Walter Gueldenpfennig;Zwischergasse 43;68163;Mannheim-Lindenhof;DE     e.de
000563;Salvador Gueldenpfennig;Pza. Pablo Ruiz Picasso 75;08014;Barcelona;ES     ple.es
000564;Florian Gueldenpfennig;Voodoo Avenue 69;09765;Boulder;US     le.us
000565;Cindy Gueldenpfennig;Voodoo Avenue 51;76018;Arlington;US     .us
000566;Georg Sudhoff;Waldmann 26;63150;Heusenstamm;DE
000567;Jean Sudhoff;rue Voltaire 48;B - 1030;Bruxelles;BE
000568;Matthias Sudhoff;Zwischergasse 41;67105;Schifferstadt;DE
000569;James Sudhoff;Froschstr. 91;90419;Nuernberg;DE
000570;Gisela Sudhoff;Im Warmet 27;64283;Darmstadt;DE
000571;Roland Sudhoff;Am Deich 61;79761;Waldshut;DE
000572;Benjamin Sudhoff;route de Pégomas 94;75839;Paris;FR
000573;Roland Sudhoff;Dudweilerstr. 62;76137;Karlsruhe;DE
000574;Chantal Sudhoff;rue Voltaire 48;B - 1030;Bruxelles;BE
000575;Anneliese Sudhoff;Franz-Marc-Str. 86;23056;Buxtehude;DE
000576;Roland Sudhoff;Muehltalstr. 62;79761;Waldshut;DE
000577;Ruth Sudhoff;N7, 81;71116;Gaertringen;DE
000578;Jean Sudhoff;Federal Avenue 49;76018;Arlington;US
000579;Lothar Lautenbach;Elzstrasse 58;66386;St. Ingbert;DE
000580;Pierre Lautenbach;rue Nieuport 52;06130;Grasse;FR
000581;Andreas Lautenbach;Gemeindestr. 19;69190;Walldorf;DE     e
000582;Illya Lautenbach;Melissenstr. 25;63150;Heusenstamm;DE
000583;Illya Lautenbach;Karl-Marx-Allee 24;63150;Heusenstamm;DE
000584;Ludwig Lautenbach;Froschstr. 34;79312;Emmendingen;DE
000585;Anne-Marie Lautenbach;Emil-Heckel-Str. 89;16233;Potsdam;DE     e.de
000586;Cindy Lautenbach;rue Nieuport 51;06130;Grasse;FR
000587;Harish Lautenbach;Poklukarjeva 3;1000;Ljubljana;SI
000588;Ida Lautenbach;Im Warmet 60;66386;St. Ingbert;DE
000589;Jean Lautenbach;Sagamore St. 49;76018;Arlington;US
000590;Irmtraut Lautenbach;Am Deich 32;79104;Freiburg;DE     de
000591;Christoph Lautenbach;Rankestr. 17;66464;Homburg;DE     .de
000592;Uli Ryan;Waldmann 97;75757;Elsenz;DE
000593;Siegfried Ryan;Mutterstadter Str. 98;70111;Reutlingen;DE
000594;Illya Ryan;Wilhelminentr. 24;69121;Heidelberg;DE
000595;Juan Ryan;Piedad 72;28020;Madrid;ES
000596;Salvador Ryan;Pza. Pablo Ruiz Picasso 75;41006;Sevilla;ES
000597;Cindy Ryan;Voodoo Avenue 51;76018;Arlington;US
000598;Ludwig Ryan;Max-Planck-Str. 33;79104;Freiburg;DE
000599;Chantal Ryan;rue Voltaire 48;B - 1030;Bruxelles;BE
000600;Irmtraut Ryan;Im Warmet 32;79104;Freiburg;DE
000601;Felix Ryan;Akazienweg 6;55128;Mainz;DE
000602;Hendrik Prinz;Windstone Drive 96;63728;New Orleans;US
000603;Florian Prinz;Sagamore St. 69;17758;N. Massapequa;US
000604;Irene Prinz;Wilhelminentr. 54;69483;Wald-Michelbach;DE
000605;Volker Prinz;Meerfeldstr. 5;86343;Koenigsbrunn;DE
000606;Peter Prinz;Goeckinghofstr. 88;16233;Potsdam;DE
000607;Felix Prinz;Hauptstr. 8;55128;Mainz;DE
000608;Benjamin Prinz;route de Pégomas 94;75839;Paris;FR
000609;Pierre Prinz;Karl-Schwaner-Str. 53;27299;Langwedel;DE
000610;Guillermo Prinz;Windstone Drive 67;17758;N. Massapequa;US
000611;Thilo Deichgraeber;Sagamore St. 10;17844;Washington;US     s
000612;Christa Deichgraeber;Stiftsbogen 29;69207;Kurt;DE     .de
000613;Theresia Deichgraeber;Windstone Drive 82;60657;Chicago;US     e.us
000614;Felix Deichgraeber;Leichhof 7;55128;Mainz;DE     e
000615;Theresia Deichgraeber;17th St. 82;60657;Chicago;US     e.us
000616;Illya Deichgraeber;Muehltalstr. 24;69121;Heidelberg;DE     e
000617;Juan Deichgraeber;Im Warmet 73;69180;Wiesloch;DE
000618;Ulla Deichgraeber;Pza. Pablo Ruiz Picasso 71;28020;Madrid;ES
000619;Johann Deichgraeber;Emil-Heckel-Str. 15;68789;St. Leon-Rot;DE     de
000620;Stephen Pan;Ausserhalb 20;69190;Walldorf;DE
000621;Lee Pan;17th St. 66;17758;N. Massapequa;US
000622;Walter Pan;Im Warmet 43;68163;Mannheim-Lindenhof;DE
000623;Pierre Pan;route de Pégomas 52;06130;Grasse;FR
000624;Benjamin Pan;Rue Balzac 94;75839;Paris;FR
000625;Siegfried Pan;Akazienweg 98;70111;Reutlingen;DE
000626;Johannes Pan;Froschstr. 15;68789;St. Leon-Rot;DE
000627;Allen Pan;Sagamore St. 65;07666;Teaneck;US
000628;Allen Pan;17th St. 65;07666;Teaneck;US
000629;Ruth Pan;Gartenstr. 81;71116;Gaertringen;DE
000630;Chantal Pan;rue Voltaire 48;B - 1030;Bruxelles;BE
000631;Claire Pan;route de Pégomas 46;78140;Vélizy;FR
000632;Sophie Lindwurm;rue Nieuport 44;78140;Vélizy;FR
000633;Walter Lindwurm;rue Nieuport 44;78140;Vélizy;FR
000634;Illya Lindwurm;Akazienweg 25;63150;Heusenstamm;DE
000635;Theresia Lindwurm;Federal Avenue 83;60657;Chicago;US
000636;Cindy Lindwurm;rue Nieuport 51;06130;Grasse;FR
000637;Kristina Lindwurm;Voodoo Avenue 9;17844;Washington;US
000638;James Kirk;Auf dem Huegel 91;90419;Nuernberg;DE
000639;Johannes Kirk;Marktplatz 14;68723;Schwetzingen;DE
000640;Kristina Kirk;Albert-Schweitzer-Str. 8;11111;Berlin;DE
000641;Christoph Kirk;Erlengrund 18;69231;Rauenberg;DE
000642;Juan Kirk;Fuenlabrada 72;28020;Madrid;ES
000643;Horst Kirk;Franz-Marc-Str. 40;67105;Schifferstadt;DE
000644;Roland Picard;Dudweilerstr. 62;76137;Karlsruhe;DE
000645;Thomas Picard;Lake Shore Drive 84;60657;Chicago;US
000646;Stephen Picard;Muehltalstr. 19;69190;Walldorf;DE
000647;Ruth Picard;Stauboernchenstrasse 81;71116;Gaertringen;DE
000648;Matthias Picard;Max-Planck-Str. 40;67105;Schifferstadt;DE
000649;Felix Picard;Gartenstr. 7;55128;Mainz;DE
000650;Christa Picard;Rankestr. 28;64283;Darmstadt;DE
000651;Matthias Picard;Melissenstr. 40;67105;Schifferstadt;DE
000652;Anneliese Sisko;Friedensallee 86;23056;Buxtehude;DE
000653;Irene Sisko;Wilhelminentr. 53;27299;Langwedel;DE
000654;James Sisko;Sagamore St. 91;22334;San Francisco;US
000655;Amelie Sisko;Hauptstr. 42;68163;Mannheim-Lindenhof;DE
000656;Roland Sisko;Dudweilerstr. 62;76137;Karlsruhe;DE
000657;Lee Sisko;Sagamore St. 66;07666;Teaneck;US
000658;Andreas Sisko;Lerchenstr. 19;69190;Walldorf;DE
000659;Achim Sisko;Alte Reichsstr. 63;76137;Karlsruhe;DE
000660;Pierre Sisko;rue Nieuport 52;06130;Grasse;FR
000661;Holm Sisko;Carl-Metz Strasse 30;69207;Kurt;DE
000662;Theresia Sisko;Federal Avenue 83;60657;Chicago;US
000663;Walter Sisko;Gemeindestr. 44;68163;Mannheim-Lindenhof;DE
000664;Kurt Madeira;Jacobistrasse 36;68753;Amelie;DE
000665;Harish Madeira;Emil-Heckel-Str. 2;23496;Dielheim;DE
000666;Theresia Madeira;Federal Avenue 82;60657;Chicago;US
000667;Siegfried Madeira;Carl-Metz Strasse 99;70111;Reutlingen;DE
000668;Holm Madeira;Franz-Marc-Str. 30;69207;Kurt;DE
000669;Christoph Madeira;Rankestr. 17;66464;Homburg;DE
000670;Christoph Madeira;Arndtstrasse 18;69231;Rauenberg;DE
000671;Andrej Madeira;Oak Street 11;17844;Washington;US
000672;Cindy Madeira;Windstone Drive 50;76018;Arlington;US
000673;Guenther Madeira;Stiftsbogen 38;68163;Mannheim;DE
000674;Stephen Madeira;Ausserhalb 20;69190;Walldorf;DE
000675;Stephen Madeira;Hauptstr. 20;58332;Schwelm;DE
000676;Anneliese Madeira;Mutterstadter Str. 87;23056;Buxtehude;DE
000677;Jean Meier;Federal Avenue 49;76018;Arlington;US
000678;Mathilde Meier;Lerchenstr. 21;58332;Schwelm;DE
000679;Laura Meier;Am Deich 34;79312;Emmendingen;DE
000680;Roland Meier;Arndtstrasse 62;79761;Waldshut;DE
000681;Hendrik Meier;Windstone Drive 96;63728;New Orleans;US
000682;Peter Rahn;Stauboernchenstrasse 88;16233;Potsdam;DE
000683;Jean-Luc Rahn;17th St. 93;22334;San Francisco;US
000684;Matthias Rahn;Lerchenstr. 40;67105;Schifferstadt;DE
000685;Jasmin Rahn;Mutterstadter Str. 6;55128;Mainz;DE
000686;Hendrik Rahn;Lake Shore Drive 95;63728;New Orleans;US
000687;Marta Rahn;Fuenlabrada 74;08014;Barcelona;ES
000688;Christoph Rahn;Rankestr. 17;66464;Homburg;DE
000689;Gisela Rahn;Muehltalstr. 27;64283;Darmstadt;DE
000690;Siegfried Leisert;Akazienweg 98;70111;Reutlingen;DE
000691;Walter Leisert;Im Warmet 43;68163;Mannheim-Lindenhof;DE
000692;Fabio Leisert;Melissenstr. 57;81375;Muenchen;DE
000693;Adam Leisert;Via Giulio Cesare 55;00195;Roma;IT
000694;Ida Leisert;Gemeindestr. 60;79761;Waldshut;DE
000695;Hendrik Leisert;rue Nieuport 95;75839;Paris;FR
000696;Johannes Leisert;Marktplatz 14;68723;Schwetzingen;DE
000697;Amelie Leisert;Rankestr. 42;68163;Mannheim-Lindenhof;DE
000698;Lothar Müller;Arndtstrasse 57;67663;Kaiserslautern;DE
000699;Siegfried Müller;Carl-Metz Strasse 99;70111;Reutlingen;DE
000700;Fabio Müller;Raupelsweg 56;81375;Muenchen;DE
000701;Holm Müller;Karl-Schwaner-Str. 31;69207;Kurt;DE
000702;Irmtraut Müller;Am Deich 32;79104;Freiburg;DE
000703;Ulla Müller;Camelias 71;28020;Madrid;ES
000704;Anna Müller;Hasnerstrasse 13;4020;Linz;AT
000705;Lee Müller;Windstone Drive 67;17758;N. Massapequa;US
000706;Marta Müller;Mutterstadter Str. 74;69180;Wiesloch;DE
000707;Adam Müller;Schillerstr. 54;69483;Wald-Michelbach;DE
000708;Illya Müller;Caspar-David-Friedrich-Str. 25;63150;Heusenstamm;DE
000709;Ulla Müller;17th St. 70;09765;Boulder;US
000710;Theresia Müller;Sagamore St. 83;60657;Chicago;US
000711;Lee Müller;Windstone Drive 67;17758;N. Massapequa;US
000712;Andreas Mustermann;Froschstr. 19;69190;Walldorf;DE     e
000713;Andreas Mustermann;Hauptstr. 18;69231;Rauenberg;DE     e
000714;Irmtraut Mustermann;Mutterstadter Str. 32;79104;Freiburg;DE     de
000715;Anna Mustermann;Hasnerstrasse 13;4020;Linz;AT
000716;Peter Mustermann;Gruenlingweg 89;16233;Potsdam;DE
000717;Max Becker;Ausserhalb 100;15344;Strausberg;DE
000718;Guillermo Becker;Sagamore St. 68;17758;N. Massapequa;US
000719;Christoph Becker;Arndtstrasse 18;69231;Rauenberg;DE
000720;Salvador Becker;Fuenlabrada 74;08014;Barcelona;ES
000721;Volker Becker;Im Warmet 4;86343;Koenigsbrunn;DE
000722;Felix Becker;Arndtstrasse 7;55128;Mainz;DE
000723;Fabio Fischer;Lerchenstr. 57;81375;Muenchen;DE
000724;Johannes Fischer;Marktplatz 14;68723;Schwetzingen;DE
000725;Peter Fischer;Gruenlingweg 89;16233;Potsdam;DE
000726;Thilo Fischer;Federal Avenue 9;17844;Washington;US
000727;Guillermo Fischer;Sagamore St. 67;17758;N. Massapequa;US
000728;Simon Fischer;Wilhelminentr. 1;23496;Dielheim;DE